cve_mun_full,num_dispositivos
02004,76221
09007,67991
19039,63923
21114,60532
09005,57448
14039,55859
15033,53795
08037,50804
11020,48528
14120,46763
15058,41084
22014,38914
09015,34566
15057,33720
02002,33463
26030,33262
09010,32862
31050,32316
09014,31693
23005,29845
15106,29264
09003,29110
28032,28971
24028,28474
08019,28351
09012,27935
15104,26925
19006,26878
05030,26152
09016,25762
19026,25402
25006,24796
01001,24762
16053,24111
15013,22655
14097,21994
14098,21455
09017,21326
05035,20770
15121,19959
28022,18969
09002,18713
19046,18386
30193,17981
27004,17904
15109,17893
14101,17656
09006,17392
15031,17283
12001,16198
17007,16147
19031,15763
19021,15070
28027,15017
09013,14966
02001,14905
15081,14568
15039,14488
10005,14325
30087,14114
07101,13640
11007,13514
13048,13033
23008,12512
09011,12465
28041,12054
19048,11898
11017,11842
19018,11750
15037,11260
19019,10984
03008,10875
09004,10558
28038,10449
09008,10414
25012,10351
15122,10164
15020,10001
15054,9846
15025,9298
26018,9219
14067,9202
18017,9192
15060,8848
24035,8802
20067,8193
15070,7947
17011,7873
10007,7829
25001,7774
03003,7732
28003,7664
04002,7386
13051,7335
05018,7246
16102,7240
22011,7182
22006,7151
15024,7073
22016,6926
30039,6924
12029,6893
28009,6619
15099,6580
21156,6384
05025,6264
23004,6263
21119,6148
26043,6106
32010,5973
30044,5930
04003,5855
07089,5489
17006,5467
30028,5415
32056,5291
26055,5233
15029,5188
11027,5126
13077,4655
15108,4628
08017,4599
30131,4588
32017,4523
15051,4446
14070,4405
18020,4354
19041,4325
21140,4253
14093,4206
15120,4187
11037,4184
06007,4142
30118,4073
28033,4051
08021,4036
26029,4033
11015,3942
26048,3911
16052,3904
30189,3858
21041,3856
15118,3848
05027,3842
06002,3814
25011,3812
16108,3732
11003,3617
02005,3583
17018,3509
15002,3508
02003,3401
09009,3378
21019,3373
06010,3369
26017,3360
26042,3360
14053,3354
19025,3319
29033,3241
07078,3228
30108,3172
27002,3125
25018,3058
13069,3050
31041,2994
21132,2962
12035,2934
23001,2840
17008,2828
15076,2807
27005,2786
08032,2780
19009,2752
24013,2750
14023,2695
13076,2685
11042,2671
10012,2668
14083,2577
17029,2572
01005,2561
27008,2531
11031,2519
27013,2495
29005,2495
15042,2434
20184,2433
15035,2430
14063,2401
24020,2382
19045,2355
30124,2355
11014,2317
19010,2305
21015,2282
11005,2267
19033,2248
07019,2243
30048,2150
16112,2147
24024,2120
16006,2111
15005,2100
12038,2092
16088,2092
15095,2081
11032,1992
30102,1984
26002,1980
20385,1974
14124,1966
05010,1958
13030,1947
15014,1947
16069,1924
27012,1923
14073,1921
31059,1920
21174,1887
30105,1887
14018,1866
28021,1866
08050,1850
19038,1846
29010,1842
14044,1792
08054,1780
05017,1777
14013,1773
11023,1771
11033,1770
30174,1766
23009,1765
30065,1762
05028,1758
31102,1747
06009,1735
27014,1734
29013,1724
05002,1714
11011,1708
15018,1701
19049,1699
05033,1695
21074,1678
17028,1661
14008,1659
15110,1621
27006,1616
19012,1606
30038,1599
16075,1596
12055,1586
15091,1584
15092,1571
30068,1566
23002,1562
15053,1556
16066,1553
11002,1551
13063,1545
14015,1521
30141,1515
21071,1515
25015,1502
07065,1480
15062,1478
15090,1445
15011,1441
31101,1429
16076,1428
23011,1425
22012,1415
16082,1412
07059,1412
30011,1409
14085,1408
05020,1407
29018,1404
22017,1403
16034,1386
08002,1380
13013,1375
17004,1370
32020,1369
05032,1364
15101,1364
13028,1362
11041,1362
20079,1338
11028,1327
15067,1325
15059,1310
13083,1299
20039,1290
15045,1278
15088,1277
11021,1269
20390,1269
21154,1265
14030,1261
13003,1261
30085,1259
07027,1258
15115,1257
11044,1253
13061,1248
11004,1235
15087,1231
01003,1231
18008,1229
15082,1219
11030,1218
16107,1210
27010,1208
13008,1208
18004,1207
30175,1193
27007,1187
16071,1186
03002,1183
07097,1179
30123,1177
29025,1176
20043,1174
23003,1167
01011,1164
27003,1163
22005,1157
21164,1153
15048,1153
11025,1149
17012,1142
10032,1124
11035,1121
28040,1120
14094,1120
16050,1117
15009,1114
12028,1105
11001,1102
19004,1093
11009,1092
03001,1084
05022,1080
30128,1078
04004,1077
21208,1076
08011,1073
26025,1073
17020,1060
07034,1051
01002,1048
16043,1039
07108,1036
13041,1020
19044,1011
21085,1011
07061,1007
30133,1001
14035,1001
12066,999
18015,998
30109,993
15074,983
29043,978
17003,973
21034,966
30138,966
31096,962
14091,961
11046,960
30160,958
21197,952
20413,941
15085,936
30003,935
32042,933
15100,919
05009,919
11026,915
26019,914
14082,912
13016,908
14006,907
04001,907
30183,905
22004,904
20318,895
21053,891
21106,889
24037,887
27017,884
13056,882
14050,879
14066,879
29044,875
01007,866
13052,862
13029,858
07057,848
15019,846
01006,842
14046,841
25010,836
07052,836
23010,832
08036,829
14108,829
30030,822
32039,819
13084,819
28025,819
14051,814
27016,809
11029,805
14016,802
30061,792
20399,791
24011,790
30045,789
17031,785
23006,783
31089,783
07017,778
17030,777
22008,777
32026,767
30181,765
30046,764
26036,761
04009,759
17024,759
30040,758
23007,748
21001,747
08045,746
30014,742
15023,740
20401,737
20059,735
15073,735
24021,729
07012,727
13023,725
10008,722
12075,722
16012,720
10038,713
15040,709
21083,702
14078,702
14009,701
16009,701
17017,699
14119,698
14022,696
29006,694
20515,694
32005,692
08052,687
08005,687
20551,686
26033,684
28035,682
25009,682
16055,673
16079,673
14121,673
16038,672
20482,671
32024,670
30083,669
21010,667
16010,665
12057,665
30204,664
25002,660
11043,654
30191,654
27001,652
13054,652
29031,648
27009,645
13067,643
15047,643
30016,642
15103,641
13081,641
07074,641
32055,640
16068,639
30026,639
11040,639
14116,635
21180,630
22007,628
32034,625
14105,624
05004,624
32038,620
16045,616
13010,615
24050,615
05036,615
25017,613
07009,613
15065,612
21186,612
14047,606
07099,605
30015,604
12011,602
15084,601
14118,598
28030,598
30004,595
29024,585
30071,584
21004,582
31038,582
15113,581
14033,580
29036,579
16035,579
14113,577
15114,573
12058,573
15124,572
15075,571
20324,570
30009,570
31056,568
30206,564
21207,563
15096,561
16083,561
16110,561
21047,560
14002,558
16106,558
30115,554
29041,551
31079,551
20014,551
13075,550
13082,549
30010,548
30126,547
12050,546
30207,545
30155,545
11008,543
10039,541
07020,541
17002,540
10023,528
05006,528
21045,527
29023,524
29015,523
07051,523
30058,522
11039,521
27015,521
16015,521
11019,518
08004,517
28012,514
29038,514
21003,513
31052,512
05024,507
18012,505
15001,504
20397,504
13050,502
11016,499
30089,497
32036,497
24040,496
26058,494
29028,494
30049,493
14077,493
12021,493
22001,493
12048,492
14043,492
32051,490
20044,488
14055,487
14096,481
26041,481
07040,481
29019,479
30101,478
25014,478
20057,476
13074,474
15030,473
21094,473
14024,473
12046,472
20002,472
15044,470
04005,468
24032,467
19005,466
15093,466
30021,463
05003,462
15036,461
08062,461
30125,460
06001,460
30077,459
13001,459
11012,459
14037,458
20565,458
12061,457
14114,453
18018,453
07069,453
16073,451
20107,451
10022,450
07068,449
07030,449
24016,446
25013,445
21177,444
30032,441
17025,441
31013,440
16020,440
14064,440
08031,436
16098,433
29034,432
25008,430
07106,427
29026,427
08048,426
28007,425
10004,425
13012,422
15086,422
29002,422
21115,422
21110,419
13059,418
16087,418
16085,417
11013,417
30034,416
22009,415
31066,414
16111,412
16097,412
12034,411
07015,410
15043,410
28015,410
30143,409
15112,409
07077,408
30069,407
14100,406
21090,405
32019,404
30211,398
30100,397
13015,397
13073,397
01010,397
32048,396
15003,395
30094,394
20157,391
15064,390
06005,389
16089,389
07049,389
15068,388
20295,388
03009,387
21142,387
21051,387
15027,386
21143,384
20334,384
24049,383
26026,382
18006,381
30024,380
13037,380
01009,379
18001,378
05031,377
17009,376
30047,376
14025,375
30053,374
29039,373
31040,372
16113,371
14021,371
30142,371
15016,370
21048,369
21189,369
11018,368
14086,367
14001,366
16064,365
14048,364
13022,364
14110,364
20475,363
10001,361
16090,360
25004,360
30144,360
19017,358
30092,358
15055,358
13055,356
21161,354
12068,354
16103,353
30013,352
12007,352
21043,351
05038,351
21199,351
14045,350
26070,350
20073,349
08029,348
30023,347
15012,347
15072,346
07079,345
21149,344
15028,344
16025,343
21091,343
15125,342
20041,342
21194,342
20278,341
15046,340
08055,339
30192,337
20227,337
05023,336
16065,336
20396,335
24025,335
30081,334
14003,334
21144,333
29048,332
15022,330
15083,329
13021,327
22003,326
08010,326
21169,325
30134,324
13070,323
14125,322
20350,322
14123,320
14059,320
17019,320
19014,319
20023,319
32007,318
10036,317
16019,315
32023,315
07031,315
32029,314
21035,314
07107,314
21125,313
15008,312
24036,312
10037,312
32014,312
10034,311
21172,310
07013,310
19047,309
14087,308
28043,308
16105,307
06003,306
21054,305
30111,304
22015,304
30006,304
21104,304
04010,303
32016,303
12012,302
32052,301
21136,301
08027,300
07032,300
07023,299
07102,299
20439,298
20293,298
30070,298
15052,298
22010,297
24008,297
13002,297
12053,296
30210,295
07006,295
06004,295
21118,294
13060,293
04011,292
22013,291
15063,291
04006,291
07048,290
12023,290
14036,290
15050,289
12022,288
21128,287
15015,286
16002,286
18016,281
15010,281
16014,280
24010,280
30112,279
16093,279
16062,279
30173,279
16046,279
12051,278
30188,278
01004,277
16016,276
30158,276
21108,276
14058,275
32049,275
15123,275
06008,274
21076,273
13039,273
24054,273
20068,272
13024,272
07080,272
15079,272
15006,271
31033,271
14088,271
31093,271
10026,271
30130,271
30208,270
08035,270
32022,269
13005,269
12059,268
10013,268
14111,268
30066,267
17035,267
30201,266
26004,266
21134,265
14074,265
07094,264
15056,264
24055,263
30148,263
12027,263
16022,262
22002,262
13035,261
15007,261
14079,260
18010,260
22018,260
07092,259
08060,259
32032,257
08009,257
28037,256
20570,256
12003,256
21013,256
29014,255
31001,255
26061,254
20115,254
32040,253
14005,253
07001,253
25003,252
24053,252
30097,252
24058,250
29021,250
31019,249
19013,249
28039,248
30205,247
12067,247
14029,247
16057,246
24003,246
30086,246
21214,246
16095,245
32047,245
24007,243
05019,243
15111,243
20338,241
28002,240
12041,240
16091,239
08040,238
16033,237
30095,237
15077,236
16051,236
15032,236
21117,236
20469,235
32037,235
19022,235
15021,235
07046,234
21179,234
32054,234
12032,234
17015,234
15061,233
13040,233
14109,232
13031,232
13009,231
31058,231
30025,231
16086,230
30075,230
10016,230
07008,229
18011,228
14095,228
07100,228
07037,228
18014,227
30093,227
13036,227
10020,227
30164,226
29042,225
15089,224
16008,224
16058,224
13046,224
21153,224
12056,223
15017,223
16031,223
20006,222
21069,220
21124,219
15107,219
07005,219
30022,218
13058,217
14065,217
07014,216
15004,216
14027,214
16070,214
16032,214
16017,214
17010,214
21211,213
20190,213
07062,212
13072,212
15094,212
31002,212
14017,211
32012,211
15026,210
21195,210
32035,210
29007,210
31048,209
20010,209
25016,209
14084,209
07041,208
07104,207
08001,207
30196,207
13057,207
13053,206
08013,206
07086,206
07047,205
07109,204
20409,204
16004,204
30072,203
20466,203
20028,203
14012,202
15080,202
29008,202
20364,201
30182,201
15105,201
07076,200
31062,200
17022,199
16084,199
21063,199
13066,198
26012,198
16077,198
30091,196
30073,196
24043,196
07115,195
15097,195
11024,195
32053,195
17026,195
14011,194
14014,194
20557,193
21044,192
29001,192
31067,192
21064,191
14068,191
17014,190
15117,190
26035,190
20386,189
07124,189
21026,189
20375,189
29029,188
21059,188
14007,188
31006,187
21209,187
27011,186
13007,186
26047,186
13018,186
20526,186
11006,186
19011,185
30051,185
32044,184
24022,184
20553,183
21192,183
15071,183
20150,183
29027,182
12039,182
30132,181
21205,181
30149,180
30135,180
16047,180
31003,180
13019,179
30117,178
30161,178
20539,178
16104,177
14020,177
32050,177
07021,177
05034,177
29050,177
11038,177
26071,176
07002,176
16042,176
11022,176
30157,175
15049,175
29054,175
16003,175
17013,174
16063,174
16078,174
12033,174
13062,174
16018,174
24005,174
21126,173
07003,173
21086,172
20198,170
31053,170
20545,170
12004,169
26003,169
16029,168
12054,168
16056,168
21017,168
14092,168
30200,167
21157,166
21067,166
16080,166
30033,166
30074,165
28016,165
20083,165
12045,164
05007,164
21072,163
13006,163
20031,163
30043,163
24047,162
13014,162
16072,162
25007,162
29056,162
20005,162
21116,162
13044,162
31046,161
30082,161
32025,160
16100,160
21170,160
24027,160
14041,160
16036,160
20418,159
16030,158
14049,158
16067,158
30177,157
20045,157
24015,157
07083,157
16040,157
17016,156
07071,156
29040,155
18002,155
14099,155
07096,155
16096,154
29032,154
32018,154
16024,154
31027,154
12016,154
07123,154
08003,154
13047,153
29058,152
30050,152
29059,152
31004,151
12017,151
30019,151
07011,150
21129,150
07073,150
20393,150
12069,149
31036,149
12052,149
30178,149
32057,148
21038,148
21163,147
13004,147
16023,147
07087,146
20042,146
12030,145
16059,145
14072,145
14112,145
20500,144
19034,144
19042,144
30151,144
21099,143
31098,143
24026,143
15102,143
16099,143
20490,142
08007,142
24017,142
08023,142
20468,142
21058,142
24033,142
10024,141
20449,141
14103,141
16041,141
21191,140
12076,140
07103,140
08065,140
19020,139
16011,139
11045,139
28017,139
17033,138
12014,138
13064,137
07081,137
24012,137
30080,137
21183,136
29012,135
07043,135
30169,135
30090,135
20530,135
05011,134
21006,134
21193,134
20124,134
12063,134
07054,134
20021,133
30145,133
32009,133
20026,132
24057,131
07111,131
31091,131
30059,131
24001,131
20467,131
21175,131
14122,131
29049,131
31032,131
30052,131
20505,130
20030,130
24046,130
16049,129
31080,129
12006,129
21151,127
30099,127
18007,127
25005,127
07039,126
30184,126
16060,126
29022,126
24023,126
20339,126
17001,125
20406,125
28019,125
26027,125
29017,124
13038,124
31076,124
12002,124
30129,124
07016,123
32006,123
13027,123
20327,122
08059,122
10035,121
20248,121
13011,121
29053,121
01008,121
21098,121
20483,120
15038,120
21065,120
30114,119
18019,119
29060,119
16044,119
16054,119
07075,119
31063,119
12040,118
26022,118
12073,118
21057,118
15098,118
21176,118
32030,118
28013,118
30120,117
30116,117
26039,117
24051,117
12018,117
20171,117
30103,116
30060,116
20131,116
20559,116
30121,115
18003,115
30194,115
26066,115
20360,115
31044,114
12015,114
30042,114
20025,114
21122,114
31100,113
30180,113
21046,113
31051,112
29051,112
24042,112
17032,112
13065,112
21073,111
26038,111
21198,111
21008,110
21022,110
20310,109
29016,109
20531,109
20377,109
24039,109
16026,109
20498,108
16074,108
21166,108
30162,108
20135,108
20207,108
21040,107
19029,107
31018,106
31095,106
31069,106
08051,106
20277,106
21103,106
29020,106
24056,106
21079,105
20178,105
14026,105
21187,105
20174,105
31029,105
17034,104
28001,104
21060,104
13032,104
21020,104
14107,104
20033,104
19032,104
20103,103
20139,103
28029,103
30199,103
24052,103
20105,103
30062,103
24029,103
30166,103
21039,103
21147,103
30172,103
19037,102
10019,102
21173,102
26056,102
07004,102
20063,102
10009,101
24018,101
29030,101
15069,101
30027,101
32031,101
20205,100
08064,100
20091,100
07066,100
28024,99
21146,99
20550,99
21012,99
16001,99
20414,97
30001,97
07050,97
05037,97
21102,96
30031,95
30020,95
20298,95
12044,95
12010,95
24014,95
30104,94
30041,94
13017,94
31007,94
07091,94
14019,94
30197,94
21137,93
30029,93
29037,93
17027,93
12024,92
20546,92
16037,92
12019,92
14040,92
21188,92
31028,92
31020,92
12064,92
20447,91
20560,91
12042,91
30150,91
11036,91
20166,91
31097,90
17021,90
31075,90
17005,90
21138,90
14106,89
12013,89
30186,89
12077,89
30067,89
14054,89
29057,89
20050,89
07093,89
21212,88
07035,88
10021,88
10014,88
30036,88
20387,88
20540,88
21082,87
18009,87
31085,87
21111,87
31025,87
10033,87
20177,87
14004,87
32027,86
30185,86
30113,86
31009,86
21109,85
24041,85
32015,85
04008,85
07114,85
20305,85
07026,85
20441,85
32045,84
14102,84
16039,84
15119,83
14080,83
28011,83
21171,83
18013,82
20333,82
26072,82
21203,82
17023,82
20084,82
12049,82
31057,82
29046,82
20347,82
20143,82
21036,81
15078,81
20403,81
29009,81
10018,80
14031,80
07072,80
30136,80
20427,80
07010,80
30054,80
20294,80
24048,80
20087,80
08006,80
31026,79
30167,79
28028,79
06006,79
30212,79
32008,78
20525,78
05014,78
20345,78
10015,78
20108,78
32033,78
20201,78
30055,78
24009,78
20509,77
32001,77
20417,77
14090,77
24045,77
21087,77
08038,77
16061,77
13045,77
15034,77
29052,77
07070,77
07064,77
14032,77
14069,77
29004,76
24006,76
20210,76
21148,76
16092,76
32013,76
30152,75
28014,75
07060,75
07038,75
29011,75
30147,74
30209,74
24034,74
10028,74
21033,74
21139,74
24031,74
20519,73
31021,73
16094,73
21152,73
30017,73
16109,73
07044,72
21089,72
12043,72
32021,72
20219,72
13049,72
26016,71
13042,71
12079,71
20342,71
07117,71
20052,71
07033,71
07067,71
31084,70
30154,70
31104,70
21155,70
20549,69
30165,69
20134,69
08025,69
13025,69
12072,69
13080,69
10027,69
30035,68
21016,68
11034,68
21185,67
24038,67
05021,67
32002,67
31047,67
26023,66
21181,66
14115,66
07122,66
16027,66
20145,65
31073,65
08044,65
20123,65
20072,65
20156,65
07112,65
08053,65
20247,65
05008,64
13043,64
12026,64
21113,64
12078,64
31087,64
20013,64
04007,64
21097,64
26052,63
21217,63
07018,63
32011,63
21025,63
20185,63
08018,63
28018,63
30119,63
26051,63
16028,63
16005,62
20533,62
30012,62
07025,62
20016,62
19007,62
15116,61
20202,61
28004,61
07105,60
20009,60
20567,60
08024,60
14042,60
30202,60
26020,60
14052,59
19008,59
13034,59
20297,59
20077,59
21112,58
14010,58
30159,58
20170,57
20165,57
20272,57
20232,56
21127,56
07055,56
16101,55
14057,55
07053,55
12008,55
21081,55
12065,54
21178,54
20348,54
20102,54
20175,54
21120,54
18005,53
05001,53
14060,53
21050,53
30122,53
07116,53
31074,52
21027,52
20153,52
08061,52
08008,52
20188,52
20085,52
29003,52
12071,52
31065,52
32046,51
11010,51
14075,51
28042,51
08020,51
30168,51
20555,51
20446,51
29045,51
08034,51
12074,50
20392,50
21078,50
21002,50
20497,50
19002,50
31090,50
30088,50
21061,50
21204,49
21075,49
07036,49
16081,49
30079,49
20326,49
10017,49
12062,48
14104,48
08039,48
08033,48
07085,48
20271,48
16013,48
30127,47
20213,46
20460,46
21145,46
20494,46
31042,46
26045,46
20279,46
08016,46
08058,46
20566,46
21182,46
07098,46
30156,46
28005,45
20537,45
30008,45
07042,45
20520,45
20349,44
05012,44
08030,44
24044,44
31023,44
20492,44
21213,44
20477,44
08012,44
21130,43
13026,43
20133,43
12060,43
08046,43
20012,43
31054,43
08028,43
20240,43
12025,43
30106,42
20421,42
31105,42
20128,42
20179,42
20424,42
30163,42
30137,42
14117,42
21168,42
12080,41
30007,41
30057,41
20517,41
20462,40
24030,40
30187,40
29035,40
21202,40
20116,40
14089,40
20499,40
20513,40
21167,40
20426,40
19027,40
20486,40
20173,40
08067,39
05026,39
30056,39
30063,39
19001,39
20554,39
19051,39
21101,39
31068,39
20244,38
31077,38
20104,38
31035,38
26069,38
16048,38
29047,38
10031,38
20076,37
21092,37
32028,37
10011,37
21088,37
32004,37
20029,37
20237,37
14081,37
26068,37
19023,37
21150,36
31094,36
20489,36
13078,36
30198,36
13071,36
14076,36
14061,36
20415,36
20307,36
12005,35
20280,35
10002,35
20309,35
12036,35
20208,35
16021,35
21160,35
20437,35
20459,35
31034,34
20229,34
29055,34
20064,34
31011,34
14038,33
20094,33
20470,33
07024,33
13079,33
20036,33
20125,33
20317,33
30005,33
30076,32
07045,32
31039,32
20356,32
30203,32
12070,32
20261,32
20088,32
20266,32
05016,32
20149,32
26059,32
30139,32
20269,32
20058,32
31061,31
19050,31
30078,31
20273,31
13068,31
20187,31
07084,31
20543,31
20450,31
26021,31
20148,31
20372,31
24002,30
20407,30
20095,30
20302,30
21215,30
20308,29
20080,29
14062,29
21190,29
20255,29
21210,29
08049,29
21062,29
20433,29
20070,29
19036,29
20363,29
24004,29
26060,29
21105,29
26014,29
20265,29
30098,29
19016,29
07029,29
30179,28
20020,28
12020,28
26001,27
20066,27
30064,27
20264,27
21068,27
20325,27
21206,27
12081,27
20330,27
15041,27
20398,27
31017,27
30176,26
30084,26
07056,26
21184,26
20472,26
20260,26
10010,26
20378,25
20136,25
31005,25
20098,25
20254,25
32003,25
20507,25
20300,25
20365,25
20141,25
28006,25
14056,25
31037,25
07058,25
21066,25
21093,24
12037,24
14028,24
10006,24
21055,24
26015,24
20369,24
20508,24
28023,24
20476,24
20118,24
21100,24
20502,24
30037,24
31055,24
20303,23
20337,23
20410,23
20176,23
20379,23
20089,23
21037,23
30190,23
26057,23
31106,23
20568,23
07007,23
32043,23
20037,23
20206,23
28008,23
21201,22
20275,22
20243,22
20286,22
08026,22
21049,22
31103,22
31015,22
08014,22
20384,22
20491,22
20496,22
21107,22
31072,22
07063,22
20485,22
26006,22
20242,22
19003,22
21021,21
32058,21
14034,21
20053,21
08047,21
21158,21
30140,21
31082,21
20038,21
20130,21
08063,20
20484,20
20159,20
20112,20
20015,20
21121,20
26013,20
28034,20
31045,20
28026,20
26067,20
26037,20
20299,20
30153,19
31012,19
16007,19
21018,19
20225,19
30002,19
20481,19
20366,19
19024,19
20090,19
30170,19
31092,19
20146,18
20193,18
08042,18
31043,18
20452,18
26050,18
31031,18
20351,18
20358,18
20563,18
20532,18
20368,18
20155,18
24019,18
19030,17
20230,17
08022,17
21084,17
15066,17
08057,17
28031,17
31070,17
20312,17
05013,17
07110,17
20152,16
19040,16
20035,16
21023,16
20431,16
20160,16
20516,16
10003,16
20082,16
31083,16
07088,16
08015,16
20111,16
20040,16
20180,15
21159,15
20412,15
19028,15
20487,15
07028,15
21096,15
20353,15
20301,15
20226,15
20405,15
20523,14
20314,14
13033,14
21009,14
21080,14
20455,14
31086,14
19035,14
20075,14
07118,14
20328,14
20162,14
20380,14
05015,14
20055,13
19043,13
12031,13
20457,13
20352,13
12009,13
21014,13
20126,13
21077,13
07113,13
26034,13
28010,13
20527,13
20046,12
26031,12
21141,12
30096,12
21162,12
31022,12
20263,12
31064,12
20381,12
20097,12
10029,12
20137,12
30107,12
21031,12
20158,12
20291,12
20200,12
20285,12
26010,12
26064,12
20235,12
20474,12
26011,12
07090,11
21070,11
20391,11
20078,11
31030,11
10025,11
26024,11
14071,11
20344,11
20197,11
31088,11
20019,11
20423,11
31099,11
20249,11
30171,11
21200,11
05005,11
31008,11
20004,11
20315,11
20192,11
20463,10
20189,10
08043,10
21029,10
20361,10
07082,10
20003,10
31049,10
20548,10
20161,10
31078,9
20071,9
20448,9
20371,9
20259,9
20274,9
20535,9
20203,9
20214,9
20367,9
21052,9
07119,9
20402,9
20234,9
21056,9
31081,9
20454,9
20024,9
28020,9
20541,9
20445,9
05029,9
21042,9
20096,9
20511,8
20092,8
20268,8
20456,8
20257,8
20346,8
20313,8
20167,8
20017,8
20394,8
20182,8
20099,8
20060,8
21131,8
20544,8
26049,8
20007,8
20253,8
20132,8
20335,8
20512,8
26032,8
20438,8
08056,8
20051,7
20569,7
20436,7
20534,7
30195,7
26007,7
26028,7
20183,7
20163,7
20069,7
20444,7
20435,7
21005,7
20522,7
21032,7
21011,7
26063,7
21216,7
21028,7
26040,7
20120,7
20168,6
30146,6
20343,6
13020,6
20221,6
20420,6
20117,6
20251,6
20217,6
20443,6
20382,6
20510,6
20086,6
21007,6
26065,6
20220,6
20049,6
07022,6
20245,6
20561,6
31024,6
20113,6
20501,6
20215,6
20238,6
20211,6
20395,6
20065,6
20432,6
20453,6
28036,6
20562,6
20323,6
19015,6
26046,5
31016,5
20529,5
20400,5
20164,5
20429,5
20282,5
20514,5
31014,5
20061,5
08066,5
26062,5
20558,5
20289,5
07120,5
20122,5
20461,5
20056,5
07121,5
20216,5
20306,5
12047,5
20416,5
20233,4
20194,4
20331,4
20493,4
20547,4
20336,4
20147,4
20284,4
20212,4
20101,4
20081,4
20292,4
20239,4
20434,4
20473,4
21024,4
20222,4
20389,4
08041,4
20374,4
20270,4
21196,4
20109,4
20354,4
26054,3
20332,3
20504,3
20169,3
26009,3
20524,3
31010,3
20388,3
20228,3
20246,3
21123,3
20196,3
20172,3
20320,3
31071,3
21133,3
20290,3
20362,3
20008,3
30110,3
31060,3
20119,3
20224,3
20252,3
20241,3
20186,3
21030,3
20442,3
20204,2
20425,2
20341,2
20503,2
20329,2
20054,2
20428,2
21135,2
20370,2
20195,2
20032,2
20110,2
20062,2
20411,2
20121,2
20114,2
20034,2
32041,2
26008,2
20140,2
20478,2
20465,2
20440,2
20209,2
20451,2
20538,2
21165,2
20408,2
10030,2
20250,2
20357,1
20138,1
26005,1
20281,1
20001,1
20422,1
20181,1
20480,1
20027,1
20258,1
20528,1
20154,1
20319,1
20419,1
20191,1
20311,1
20236,1
20321,1
20383,1
20262,1
20144,1
20022,1
20458,1
20142,1
20106,1
20011,1
20256,1
