cve_mun_full,num_dispositivos
02004,76211
09007,67927
19039,63949
21114,60516
09005,57425
14039,55902
15033,53746
08037,50806
11020,48526
14120,46776
15058,41094
22014,38917
09015,34667
15057,33719
02002,33471
26030,33245
09010,32856
31050,32337
09014,31729
23005,29835
15106,29264
09003,29121
28032,28967
24028,28497
08019,28351
09012,27928
15104,26915
19006,26849
05030,26137
09016,25803
19026,25399
25006,24802
01001,24753
16053,24104
15013,22641
14097,21978
14098,21449
09017,21381
05035,20774
15121,19946
28022,18967
09002,18711
19046,18376
30193,17985
15109,17886
27004,17882
14101,17618
09006,17385
15031,17269
12001,16184
17007,16164
19031,15754
19021,15085
28027,15021
09013,14971
02001,14905
15081,14563
15039,14475
10005,14329
30087,14110
07101,13644
11007,13516
13048,13026
23008,12508
09011,12461
28041,12052
19048,11870
11017,11841
19018,11743
15037,11259
19019,11006
03008,10877
09004,10538
28038,10463
09008,10410
25012,10339
15122,10165
15020,9990
15054,9847
15025,9298
26018,9220
14067,9200
18017,9191
15060,8839
24035,8796
20067,8184
15070,7943
17011,7869
10007,7830
25001,7768
03003,7731
28003,7657
04002,7387
13051,7325
05018,7253
16102,7239
22011,7200
22006,7126
15024,7053
22016,6938
30039,6921
12029,6894
28009,6611
15099,6593
21156,6385
23004,6264
05025,6264
21119,6169
26043,6105
32010,5971
30044,5928
04003,5857
07089,5489
17006,5466
30028,5434
32056,5292
26055,5229
15029,5191
11027,5124
13077,4659
15108,4629
08017,4592
30131,4585
32017,4523
15051,4452
14070,4409
18020,4361
19041,4329
21140,4247
14093,4211
15120,4191
11037,4188
06007,4136
30118,4076
28033,4050
08021,4044
26029,4033
11015,3942
26048,3912
16052,3906
21041,3873
05027,3864
30189,3863
15118,3841
06002,3817
25011,3815
16108,3730
11003,3620
02005,3590
15002,3509
17018,3506
02003,3408
09009,3370
21019,3369
06010,3364
26042,3361
26017,3354
14053,3354
19025,3318
29033,3247
07078,3224
30108,3174
27002,3131
13069,3059
25018,3057
31041,2987
21132,2953
12035,2930
23001,2840
17008,2825
15076,2804
27005,2788
08032,2781
19009,2753
24013,2744
14023,2700
13076,2679
11042,2672
10012,2664
17029,2580
14083,2574
01005,2566
27008,2536
11031,2518
29005,2500
27013,2495
20184,2435
15042,2432
15035,2431
14063,2399
24020,2376
19045,2356
30124,2352
11014,2319
19010,2310
21015,2283
11005,2278
19033,2242
07019,2241
30048,2148
16112,2142
24024,2120
16006,2111
15005,2094
12038,2091
16088,2085
15095,2081
11032,1996
30102,1984
26002,1980
20385,1976
14124,1970
05010,1960
15014,1953
13030,1945
16069,1923
27012,1922
31059,1920
14073,1917
21174,1886
30105,1877
28021,1867
14018,1865
08050,1849
19038,1848
29010,1845
14044,1791
05017,1782
08054,1779
14013,1776
11033,1775
11023,1769
23009,1768
30065,1767
30174,1762
05028,1753
31102,1745
06009,1732
27014,1731
29013,1728
05002,1713
11011,1708
15018,1697
19049,1695
05033,1692
21074,1679
17028,1663
14008,1656
15110,1620
27006,1617
19012,1603
30038,1597
16075,1597
12055,1586
15091,1582
15092,1564
30068,1563
23002,1563
16066,1553
15053,1551
11002,1547
13063,1547
14015,1521
21071,1515
30141,1512
25015,1503
07065,1482
15062,1478
15090,1444
15011,1441
31101,1430
16076,1428
23011,1427
07059,1413
16082,1411
22012,1409
30011,1408
14085,1407
05020,1406
22017,1403
29018,1403
16034,1387
13013,1376
08002,1375
17004,1372
32020,1367
13028,1363
11041,1363
05032,1363
15101,1362
20079,1338
15067,1326
11028,1324
15059,1309
13083,1297
20039,1289
15045,1285
15088,1277
11021,1271
20390,1267
21154,1266
14030,1263
30085,1261
13003,1259
07027,1258
15115,1256
11044,1249
13061,1248
11004,1234
15087,1232
01003,1230
18008,1226
11030,1221
15082,1221
27010,1209
16107,1208
18004,1208
13008,1206
30175,1186
27007,1183
03002,1181
16071,1179
07097,1178
29025,1178
20043,1175
30123,1175
23003,1168
01011,1165
27003,1163
21164,1160
22005,1158
15048,1152
11025,1150
17012,1139
10032,1123
11035,1123
14094,1120
28040,1119
16050,1113
15009,1112
12028,1105
11001,1100
19004,1095
11009,1093
05022,1088
03001,1082
04004,1081
26025,1079
21208,1076
08011,1076
30128,1074
17020,1057
07034,1052
01002,1046
16043,1037
07108,1036
13041,1021
19044,1011
21085,1011
07061,1008
14035,1007
18015,999
30133,997
12066,997
30109,994
15074,983
17003,975
29043,969
21034,966
11046,965
30138,962
31096,961
14091,959
30160,958
21197,952
20413,941
15085,940
30003,933
32042,931
15100,922
11026,917
05009,916
26019,914
14082,913
14006,908
04001,906
30183,906
13016,906
22004,905
21053,892
20318,892
21106,889
24037,886
27017,883
13056,880
14050,878
14066,876
29044,872
01007,864
13052,861
13029,858
07057,847
15019,847
01006,842
14046,841
25010,836
07052,835
23010,833
14108,829
08036,825
30030,825
28025,820
32039,817
13084,816
14051,812
27016,808
11029,802
14016,801
30045,791
20399,789
30061,789
24011,787
17031,785
23006,783
22008,782
31089,782
07017,779
17030,779
30181,769
32026,768
26036,764
30046,763
04009,760
17024,758
30040,757
23007,750
21001,749
08045,744
30014,743
15023,742
20401,740
20059,736
15073,729
07012,726
24021,725
13023,724
12075,724
16012,722
10008,719
10038,713
15040,706
14078,703
21083,703
14009,703
14022,702
16009,699
17017,699
14119,696
20515,694
32005,694
29006,693
08052,688
20551,686
08005,686
26033,683
25009,681
28035,680
16055,675
14121,674
20482,672
16038,672
32024,670
16079,670
30083,666
21010,665
30204,663
16010,663
12057,663
25002,660
30191,654
11043,654
27001,652
13054,651
29031,646
27009,645
30016,644
15047,643
13067,643
13081,640
07074,640
15103,640
11040,639
30026,639
32055,639
16068,638
14116,636
21180,634
22007,628
32034,626
05004,626
14105,622
24050,622
32038,620
13010,619
05036,617
07009,615
16045,615
15065,615
25017,613
21186,612
14047,608
07099,604
30015,603
12011,601
14118,598
15084,597
30004,595
28030,594
30071,583
29024,583
21004,581
14033,581
15113,580
14113,580
31038,579
16035,578
29036,578
12058,575
15114,575
15075,574
15124,572
30009,571
20324,570
31056,567
30206,565
16083,564
21207,563
14002,560
21047,560
16106,559
15096,558
16110,556
31079,553
13075,552
20014,551
29041,551
13082,550
30115,550
30010,549
30126,548
12050,547
30207,547
30155,543
11008,542
10039,541
07020,541
17002,538
05006,531
10023,528
21045,527
29023,525
30058,523
29015,523
07051,523
27015,522
16015,521
11039,520
08004,520
11019,519
28012,514
29038,513
21003,511
31052,510
15001,507
05024,506
18012,505
13050,503
20397,501
26058,500
11016,500
32036,499
14077,497
30089,497
22001,495
12021,494
12048,494
24040,494
29028,492
14043,490
20044,489
14055,487
32051,485
30049,485
14096,482
26041,481
29019,480
07040,479
25014,477
20057,477
13074,475
30101,475
21094,473
15030,473
12046,473
14024,473
20002,472
19005,469
15044,468
15093,467
04005,465
05003,463
30021,462
06001,461
08062,461
14037,461
15036,461
13001,460
30125,460
30077,459
12061,458
11012,458
20565,456
18018,454
14114,454
16073,451
20107,451
10022,450
07069,450
07068,448
07030,448
24032,447
24016,446
25013,446
21177,443
16020,442
31013,442
30032,441
17025,439
14064,438
08031,435
16098,433
29034,431
07106,430
25008,429
28007,427
08048,426
10004,426
29026,425
29002,425
21115,424
13012,422
21110,422
15086,422
13059,418
16087,418
16085,417
11013,416
22009,414
31066,414
30034,413
16111,412
16097,412
15043,412
28015,411
12034,410
15112,409
30143,409
07015,409
07077,408
14100,406
32019,403
30069,403
21090,399
30211,399
30094,399
13015,399
01010,397
13073,397
30100,397
15003,396
32048,396
15068,392
21051,390
06005,390
16089,390
15064,390
07049,389
20157,388
20295,388
03009,387
21143,386
21142,386
26026,385
24049,385
15027,385
20334,384
18006,382
01009,381
30024,380
13037,379
30047,379
18001,379
17009,378
05031,377
14025,375
29039,374
30142,373
16113,373
14021,372
15016,371
14001,370
30053,370
21048,370
31040,369
21189,369
11018,367
14110,365
13022,365
14048,365
16064,365
14086,364
25004,363
20475,363
15055,363
10001,362
30144,361
16090,360
13055,359
30092,358
21161,353
30013,353
16103,352
12068,352
14045,351
12007,351
15012,351
21043,350
05038,350
21199,350
20073,349
26070,348
08029,348
30023,347
19017,347
15072,346
21091,346
21149,344
07079,344
16025,343
15125,342
15028,342
21194,342
15046,341
20041,341
20278,340
30081,339
08055,339
30192,338
16065,337
20227,336
20396,336
24025,334
29048,334
05023,333
14003,333
15083,332
21144,332
15022,330
13021,328
22003,328
21169,327
08010,325
30134,324
14125,324
14123,323
19014,322
20350,322
13070,321
32007,321
17019,321
20023,319
14059,318
10036,318
07031,315
32023,314
07107,314
32029,314
16019,314
21035,313
21125,313
24036,313
21172,312
10037,312
32014,312
15008,311
19047,311
10034,311
07013,310
14087,309
28043,306
06003,305
16105,305
30111,304
30006,304
21054,304
32016,303
04010,303
07032,302
21136,302
22015,302
32052,301
21104,301
12012,301
07102,300
08027,300
07023,299
15052,299
20439,298
30070,298
20293,297
13002,297
22010,297
21118,296
12053,296
07006,295
30210,295
24008,294
22013,293
06004,293
13060,292
04011,292
04006,291
07048,290
15063,290
12023,289
15050,289
14036,289
12022,288
21128,287
15015,287
16002,285
15010,283
18016,282
16014,280
24010,280
30188,279
16093,279
16046,279
30112,279
30173,279
30158,279
12051,278
16062,277
16016,277
21108,276
01004,276
32049,275
14058,275
15123,275
06008,274
24054,274
07080,273
13039,273
10026,272
13024,272
30208,272
20068,272
21076,272
31033,271
15006,271
30130,271
31093,271
32022,270
15079,270
08035,270
13005,269
10013,269
14088,268
24055,267
30066,267
12059,267
17035,267
16022,266
21134,266
30201,266
26004,265
14074,265
07094,264
15056,264
14111,264
12027,263
30148,263
18010,262
15007,262
22002,262
13035,261
32032,260
14079,260
08060,260
22018,259
07092,259
21013,259
31001,258
08009,257
12003,256
20570,256
29014,255
28037,255
20115,254
14005,254
26061,254
25003,252
30097,252
07001,252
19013,251
24053,250
32040,250
29021,250
24058,250
31019,248
24003,248
12067,247
30205,247
14029,247
30086,247
21214,246
16057,246
28039,245
32047,245
16095,245
15111,245
05019,244
24007,243
20338,240
16091,239
28002,239
12041,239
08040,238
16051,238
16033,238
21117,238
30095,237
15032,237
15021,237
15077,236
32037,235
19022,235
32054,234
17015,234
21179,234
20469,234
12032,234
14109,233
07046,233
13040,233
13031,232
16086,232
10020,232
31058,231
30025,231
10016,231
15061,231
07008,230
13036,230
30075,230
13009,229
18011,229
07037,228
14095,228
07100,228
18014,227
30093,226
30164,226
29042,225
16031,225
16008,224
13046,224
16058,224
20006,224
15089,224
12056,223
15017,222
21153,222
21069,221
15107,220
07005,220
21124,219
30022,218
14065,217
13058,217
16017,216
07014,216
16032,216
15004,216
16070,214
17010,214
14027,214
20190,214
13072,213
07062,212
21211,212
31002,212
15094,211
14017,211
31048,211
14084,210
15026,210
21195,210
32035,210
32012,210
08001,209
30196,209
25016,209
13053,209
07086,208
07104,208
07041,208
29007,208
20010,208
08013,207
13057,207
07047,205
16004,205
07109,204
20028,203
20466,203
15080,202
20409,202
20364,201
29008,201
17022,201
15105,201
30182,201
31062,200
21063,200
30072,200
07076,200
14012,200
13066,199
16084,199
16077,198
26012,197
24043,197
15097,196
32053,196
30073,196
30091,196
11024,196
17026,195
07115,195
14011,194
14014,194
31067,193
21044,193
29001,192
20557,192
17014,191
21064,191
26047,191
29029,191
15117,190
14068,190
20375,190
26035,190
21026,189
20386,189
21059,189
14007,188
07124,188
21209,187
31006,187
13018,186
11006,186
20526,186
30051,185
15071,185
13007,185
27011,185
19011,184
30132,184
32044,184
20553,183
24022,183
29027,182
20150,182
12039,182
21192,182
16042,181
21205,181
16047,181
30135,180
31003,180
30149,180
32050,179
20539,179
13019,179
30161,178
29054,178
07021,177
05034,177
30117,177
14020,177
16104,177
29050,177
16018,176
11038,176
07002,176
26071,176
11022,175
30157,175
15049,175
12033,174
24005,174
16063,174
16003,174
13062,174
21086,173
21126,173
17013,173
16078,173
07003,172
31053,170
20545,170
20198,169
12004,169
21017,169
16029,168
12054,168
14092,168
30200,168
26003,167
21157,167
16056,167
24047,166
16080,166
21067,165
30074,165
30033,165
05007,165
12045,164
20083,164
21072,163
13006,163
30043,163
29056,162
25007,162
13044,162
21116,162
13014,162
20031,162
20005,161
31046,161
16036,161
28016,161
24027,160
16072,160
14041,160
16100,160
21170,160
16040,160
16030,160
30082,159
32025,159
29040,158
20418,158
16067,158
30177,157
07071,157
20045,157
24015,157
14049,157
17016,157
08003,156
32018,155
18002,155
14099,155
07123,155
07096,155
12016,155
29032,154
07083,154
31027,154
16024,154
13047,153
30050,152
29059,152
16096,152
29058,151
21129,151
30019,151
07073,151
31004,151
12052,151
07011,150
20393,150
12017,150
12069,150
31036,149
30178,148
13004,147
16023,147
21038,147
32057,147
21163,147
07087,146
20042,146
14112,146
30151,146
16059,145
12030,145
14072,145
21099,144
19042,144
19034,144
20500,143
16099,143
08007,142
24033,142
21058,142
24026,142
15102,142
20490,142
19020,142
20468,142
24017,142
08023,141
28017,141
14103,141
16041,141
10024,141
21191,141
31098,141
07103,141
08065,140
20449,140
12076,140
24012,139
11045,138
07081,137
30080,137
21183,137
13064,137
17033,137
12014,137
16011,137
21006,135
30090,135
21193,135
20124,135
07054,135
05011,135
30169,135
29012,135
07043,135
20530,135
12063,134
32009,134
30145,133
20026,133
20021,133
30059,132
31091,131
21175,131
30052,131
07111,131
24057,131
29049,131
31032,131
24001,131
20030,130
14122,130
12006,130
20505,130
24046,130
20467,130
16049,129
31080,129
24023,128
20339,128
21151,127
30099,127
25005,127
16060,126
18007,126
07039,126
28019,126
20406,125
29022,125
13038,125
26027,125
28013,125
17001,125
12002,124
20483,124
07016,124
30129,124
13027,123
31076,123
29017,123
30184,122
32006,122
08059,122
21098,121
20248,121
20327,121
10035,121
29053,121
01008,121
13011,121
15038,120
21065,120
16044,119
31063,119
30116,119
18019,119
30114,119
16054,119
29060,119
12040,118
26022,118
15098,118
21057,118
07075,118
21176,118
12073,118
26039,118
20171,117
20360,117
12018,117
32030,117
20131,116
30060,116
12015,116
30194,116
24051,116
20559,116
30120,116
30103,116
30121,116
30042,115
30180,114
18003,114
26066,114
31044,114
20025,114
21122,113
31100,113
24042,112
17032,112
21046,112
21022,112
13065,112
21073,112
31051,112
21008,111
26038,111
29051,110
21198,110
20135,110
20531,109
29016,109
16026,109
24039,109
20377,109
20310,109
19029,108
30162,108
20207,108
16074,108
20498,108
21166,108
29020,107
21040,107
21103,107
31095,107
20277,106
20174,106
24056,106
31018,106
08051,106
31069,106
20178,105
21187,105
21079,105
31029,105
14026,105
24052,104
14107,104
21020,104
13032,104
30172,104
19032,104
28001,104
17034,104
20033,104
21060,104
24029,103
26056,103
21173,103
30199,103
20139,103
20103,103
19037,103
21147,103
30166,103
20105,103
30062,103
07004,102
10019,102
28029,102
20063,102
21039,102
32031,101
15069,101
24018,101
20091,100
07066,100
30027,100
20205,100
29030,100
10009,100
20550,99
28024,99
21146,99
16001,99
21012,99
08064,98
30001,97
20414,97
21102,97
07050,97
05037,97
30020,96
12044,95
12010,95
07091,95
24014,95
30041,95
13017,94
31007,94
20298,94
30197,94
16037,94
30104,94
17027,93
30029,93
21137,93
30150,93
14019,93
31028,92
21188,92
12064,92
29037,92
12019,92
30031,92
12024,92
20166,91
20560,91
12042,91
20447,91
20546,91
17005,90
31075,90
11036,90
14040,90
30186,90
31097,90
07093,89
20050,89
14054,89
31020,89
14106,89
12013,89
21138,89
30067,89
12077,89
29057,88
20387,88
20540,88
10021,88
07035,88
21212,88
30036,88
17021,88
10014,88
31025,87
31085,87
21111,87
20177,87
18009,87
21082,87
31009,86
30185,86
32027,86
14004,86
10033,86
04008,85
07114,85
20305,85
20441,85
07026,85
24041,85
21109,85
30113,85
28011,84
14102,84
32015,84
18013,84
32045,84
20084,84
16039,84
20333,83
21171,83
14080,83
15119,83
20403,82
26072,82
17023,82
20143,82
20347,82
15078,82
29046,82
12049,82
31057,82
21203,82
20427,81
30136,81
20087,81
29009,81
21036,81
08006,80
14031,80
07072,80
32008,80
10018,80
20525,80
07010,80
30167,79
32033,79
30212,79
31026,79
30054,79
24048,79
06006,79
20294,79
14090,78
20345,78
29052,78
05014,78
10015,78
28028,77
24045,77
07070,77
32013,77
15034,77
20108,77
16061,77
07038,77
13045,77
20201,77
20417,77
28014,77
20509,77
32001,77
07064,77
30055,77
14032,77
08038,77
20210,76
16092,76
24009,76
14069,76
24006,76
29004,76
21087,76
07060,75
21148,75
30152,75
29011,75
30209,74
21139,74
24031,74
30147,74
20519,74
24034,74
32021,74
16109,73
30017,73
10028,73
16094,73
26016,73
21152,73
12043,72
13049,72
31021,72
07044,72
20052,72
20219,72
12079,71
21089,71
07117,71
21033,71
07067,71
31084,71
07033,71
20342,71
31104,70
21155,70
13042,70
13080,70
08025,69
12072,69
10027,69
20134,69
30165,69
13025,68
21016,68
20549,68
30035,68
05021,67
30154,67
31047,67
32002,67
11034,67
24038,67
21185,67
20247,66
21181,66
14115,66
16027,66
08044,66
26020,66
26023,66
07112,65
08053,65
20156,65
20123,65
31073,65
07122,65
21025,64
21113,64
13043,64
20072,64
12078,64
12026,64
20145,64
05008,64
21097,64
04007,64
20013,64
31087,64
32011,63
28018,63
08018,63
16028,63
21217,63
30119,63
20185,63
07025,62
19007,62
26051,62
07018,62
20533,62
16005,62
20016,62
08024,61
30012,61
28004,61
20202,61
30202,61
07105,61
26052,61
20567,60
20009,60
14052,60
15116,60
14042,60
19008,59
20077,59
20297,59
13034,59
14010,58
30159,58
21112,58
20272,57
20165,57
20170,57
21127,56
21081,56
07055,56
12008,56
21178,55
07053,55
20232,55
20102,55
14057,55
16101,55
31074,55
12065,54
30168,54
21120,54
20175,54
20348,54
21050,53
14060,53
18005,53
30122,53
07116,53
05001,53
14075,52
08061,52
20153,52
08008,52
12071,52
20085,52
31065,52
32046,52
20188,52
21027,52
08039,51
08034,51
20446,51
08020,51
29003,51
11010,51
28042,51
29045,50
20555,50
20497,50
21002,50
31090,50
30088,50
21061,50
20392,50
12074,50
19002,50
21078,49
20326,49
30079,49
10017,49
21204,49
16081,49
07036,49
14104,48
07085,48
16013,48
21075,48
12062,48
20271,48
08033,48
31042,47
08016,47
08058,47
30127,47
20279,46
21182,46
30156,46
07098,46
21145,46
20494,46
20460,46
20213,46
20566,46
20520,45
28005,45
07042,45
30008,45
05012,45
20537,45
20492,44
21213,44
20477,44
24044,44
31023,44
08028,44
26045,44
08030,44
08012,44
20349,44
08046,43
20133,43
12060,43
31054,43
20012,43
12025,43
13026,43
21130,43
20240,43
20179,42
21168,42
31105,42
30106,42
30137,42
14117,42
20424,42
20128,42
12080,41
30007,41
20421,41
24030,41
30187,41
20517,41
30057,41
20116,40
20513,40
21202,40
20426,40
19027,40
20486,40
20173,40
29035,40
20462,40
05026,40
30163,40
21167,40
14089,40
20499,40
31068,39
21101,39
19051,39
10031,39
30063,39
19001,39
08067,39
30056,39
20104,39
20554,39
16048,38
14081,38
29047,38
26069,38
31035,38
31077,38
20244,38
32004,38
21088,37
20237,37
19023,37
10011,37
21092,37
20076,37
32028,37
26068,37
20029,37
13078,36
14061,36
14076,36
20415,36
20307,36
20280,36
19050,36
21150,36
20489,36
31094,36
30198,36
13071,36
12036,35
20208,35
20437,35
20459,35
10002,35
12005,35
20309,35
16021,35
31039,34
20229,34
20064,34
31034,34
31011,34
29055,34
21160,34
20094,33
14038,33
20125,33
24004,33
13079,33
20036,33
30076,33
30005,33
20470,33
07024,33
20356,32
20088,32
20266,32
05016,32
20317,32
07084,32
30139,32
20269,32
20058,32
07045,32
26059,32
20149,32
20261,32
30203,32
20273,31
30078,31
20450,31
20543,31
20372,31
31061,31
20148,31
21105,31
26021,31
12070,31
20187,31
13068,31
21215,30
20302,30
24002,30
20095,30
20407,30
08049,29
21210,29
20363,29
19036,29
07029,29
19016,29
20255,29
21190,29
20080,29
14062,29
20265,29
30098,29
20433,29
21062,29
20020,28
20264,28
20070,28
30179,28
12020,28
20308,28
26014,28
20325,27
21206,27
12081,27
20330,27
21068,27
31017,27
20398,27
20066,27
26001,27
26060,27
15041,27
30064,27
21184,26
30176,26
07056,26
30084,26
10010,26
20260,26
20472,26
20098,25
20136,25
31005,25
20141,25
28006,25
20300,25
26057,25
20507,25
20365,25
21066,25
07058,25
31037,25
20378,25
20502,25
14056,25
32003,25
20254,25
21055,24
31106,24
20508,24
30037,24
31055,24
10006,24
14028,24
12037,24
21093,24
20118,24
28023,24
21100,24
20476,24
26015,24
07007,23
20568,23
31072,23
30190,23
28008,23
20206,23
20176,23
20379,23
20303,23
20337,23
20410,23
20037,23
32043,23
20369,23
20089,23
21049,22
20286,22
08026,22
20496,22
21107,22
20491,22
07063,22
20384,22
08014,22
19003,22
20243,22
21201,22
20275,22
20485,22
26006,22
20242,22
31015,22
31103,22
21037,22
14034,21
32058,21
08047,21
20053,21
31082,21
20130,21
20038,21
30140,21
21158,21
31045,21
26013,20
21121,20
28034,20
26037,20
26067,20
21021,20
20015,20
20484,20
20159,20
30153,20
08063,20
20112,20
20299,20
28026,20
20481,19
20225,19
30002,19
19024,19
20090,19
31092,19
16007,19
21018,19
31012,19
30170,19
20366,19
08042,18
28031,18
20351,18
20358,18
24019,18
20155,18
20193,18
20146,18
20532,18
20368,18
20312,18
20563,18
20452,18
26050,18
08022,17
20516,17
15066,17
07110,17
05013,17
19030,17
20230,17
31070,17
31031,17
21084,17
31043,17
20035,16
19040,16
20082,16
10003,16
08057,16
20160,16
20040,16
20111,16
07088,16
08015,16
20152,16
31083,16
21023,16
20431,16
20301,15
20353,15
21096,15
07028,15
20412,15
21159,15
20180,15
20226,15
20405,15
19028,15
20487,15
13033,14
20162,14
20328,14
07118,14
20075,14
31086,14
19035,14
20455,14
20523,14
20314,14
20380,14
05015,14
21009,14
21080,14
20457,13
20126,13
21077,13
07113,13
20527,13
31022,13
12031,13
19043,13
20055,13
28010,13
26034,13
12009,13
20352,13
20263,12
30107,12
10029,12
20137,12
20097,12
20381,12
21014,12
20474,12
26011,12
20235,12
21162,12
20046,12
21141,12
30096,12
20285,12
26064,12
21031,12
20158,12
20200,12
20004,12
20291,12
26010,12
31064,12
10025,11
26024,11
30171,11
20249,11
20019,11
20423,11
31099,11
31088,11
20192,11
31030,11
08043,11
26031,11
21070,11
07090,11
20391,11
20078,11
20315,11
21200,11
31008,11
05005,11
20344,11
20197,11
14071,11
21029,10
07082,10
20361,10
20161,10
20189,10
20463,10
20003,10
20548,10
31049,10
21056,10
07119,9
21052,9
20402,9
20234,9
20445,9
20132,9
05029,9
28020,9
20454,9
31081,9
20024,9
20541,9
20096,9
20535,9
20203,9
20367,9
20214,9
20448,9
31078,9
20274,9
20259,9
20371,9
20071,9
21042,9
20346,8
20167,8
20313,8
20512,8
20253,8
20335,8
20544,8
21131,8
20060,8
26049,8
20007,8
26032,8
08056,8
20438,8
20257,8
20511,8
20456,8
20092,8
20268,8
20182,8
20099,8
20017,8
20394,8
20069,7
20163,7
26028,7
20183,7
21032,7
21011,7
21005,7
20522,7
20120,7
26007,7
30195,7
20534,7
20436,7
20051,7
20569,7
26040,7
21216,7
21028,7
26063,7
20444,7
20435,7
21007,6
20220,6
20086,6
26065,6
31024,6
20113,6
20501,6
20561,6
20245,6
20562,6
28036,6
20432,6
19015,6
20453,6
20323,6
20117,6
20251,6
20443,6
13020,6
20217,6
20382,6
20221,6
20420,6
20510,6
20343,6
20168,6
30146,6
20215,6
20238,6
20211,6
20065,6
20049,6
31014,6
07022,6
20164,5
20282,5
20514,5
20429,5
20122,5
07120,5
12047,5
20416,5
20306,5
20216,5
20400,5
26046,5
20529,5
31016,5
20461,5
20056,5
20395,5
07121,5
20289,5
20061,5
26062,5
08066,5
20558,5
20336,4
20547,4
20473,4
20434,4
21024,4
20239,4
20270,4
21196,4
20109,4
20354,4
20374,4
20493,4
20194,4
20331,4
20233,4
20222,4
20389,4
08041,4
20101,4
20284,4
20147,4
20292,4
20081,4
20212,4
20246,3
21123,3
20062,3
20196,3
20008,3
20290,3
30110,3
31071,3
21133,3
21030,3
20442,3
20186,3
20228,3
31010,3
20388,3
20332,3
20524,3
26054,3
26009,3
20169,3
20504,3
20252,3
20224,3
20119,3
31060,3
20241,3
20320,3
20172,3
21135,2
20054,2
20032,2
20370,2
20428,2
20110,2
20195,2
20209,2
20362,2
20465,2
20440,2
20140,2
20478,2
26008,2
20250,2
10030,2
20329,2
20503,2
20341,2
20425,2
20204,2
20408,2
21165,2
20451,2
20538,2
32041,2
20114,2
20411,2
20121,2
20034,2
20027,1
20480,1
20181,1
20001,1
20422,1
20258,1
20236,1
20262,1
20321,1
20383,1
20256,1
20142,1
20106,1
20011,1
26005,1
20357,1
20138,1
20281,1
20144,1
20458,1
20022,1
20191,1
20319,1
20528,1
20311,1
20419,1
20154,1
